キャラクター編成からは,好きなキャラクターを,戦闘に出陣させることが,できるにゃ！,＠,
泣きたいときは泣けばいい。,逃げたいときは逃げればいい。,人はそんなに,強い生き物じゃないにゃ。,＠,
無謀なことをやってみたら,勇気がでることもあるにゃ。,＠,＠,＠,
ときにはプライドを,捨ててみるのもいいにゃ。,＠,＠,＠,
何事も一生懸命な人ほど,魅力があるにゃ。,笑顔も、涙も、怒りも。,全力でやってみるにゃ！,＠,

