Milk,
Apple,
Mashed Rice,
Wanko-Noodle,
Cherry,
Beef Tongue,
Kitakata-Soup Noodle,
Natto,
Dumpling,
Potato Jelly,
Rice Cracker,
Savory Pancake,
Peanuts,
Dried Fish,
Rice,
Shinshu-Noodle,
Almost Noodle,
Green Tea,
Small Squid,
Craft Ar,
Miso,
Sushi,
Glasses,
Crucian Carp,
Cow,
Deer,
Pickled vegetables,
Octopus Omelet,
Pickled Plum,
Japanese Omelet,
Pear,
Peach,
Izumo-Noodle,
Pancake,
Globefish,
Thick Noodle,
Citrus,
Orange,
Bonito,
Spicy Cod Roe,
Japanese Spirits,
Mango,
Horse-meat Sashimi,
Sweet Potato,
Mud Skipper,
Sponge Cake,
Awamori Sprits,
Cat-Heart,
???,
