お金が足りません！,               
チャージが終了していません！,     
これ以上強化出来ません！,        
まだ取得していません！,          
まだ生産できません！,
これ以上出撃できません！,
経験値が足りません！,
まだ取得できません！,
キャラクターをセットして下さい！,
【,
統率力,
/,
（全回復まで,
分）,
】,
あと,
:,
0,
1,
2,
3,
4,
5,
6,
7,
8,
9,
のこり,
獲得アイテム,
獲得アイテム,
